arm,batch,input_tokens,output_tokens,ttft_ms_median,ttft_ms_p95,decode_ms_median,decode_ms_p95,e2e_ms_median,e2e_ms_p95,decode_tokens_s_median,decode_tokens_s_p95,tpot_ms_median,tpot_ms_p95,gpu_prefill_ms_median,gpu_prefill_ms_p95,gpu_decode_ms_median,gpu_decode_ms_p95,baseline_allocated_bytes_median,baseline_allocated_bytes_p95,baseline_reserved_bytes_median,baseline_reserved_bytes_p95,peak_allocated_bytes_median,peak_allocated_bytes_p95,peak_reserved_bytes_median,peak_reserved_bytes_p95,kv_bytes_median,kv_bytes_p95,kv_length_median,kv_length_p95
I01,8,512,128,24.566612999933568,24.81632199987871,3362.6249814999483,3375.2944879997813,3387.0818959996996,3400.11080999966,302.144944515118,304.3861258802818,26.477362059054713,26.577121952754183,24.54091167449951,24.79100799560547,3362.603271484375,3375.27099609375,159589888.0,159589888,469762048.0,469762048,266627584.0,266627584,469762048.0,469762048,0.0,0,0.0,0
I02,8,512,128,22.619056999928944,22.729898000307003,870.0949805001983,879.0069019996736,892.7161070000693,901.677486999688,1167.6888430167598,1174.7938081344225,6.851141578741719,6.921314188973808,22.59121608734131,22.647552490234375,870.0895690917969,878.9998779296875,159589888.0,159589888,534773760.0,534773760,418880000.0,418880000,534773760.0,534773760,125632512.0,125632512,639.0,639
I03,8,512,128,22.79475649993401,22.974522999902547,3115.634932000148,3123.709543000132,3138.4364545001517,3146.4330520002477,326.09725887391073,327.0122661576875,24.532558519686205,24.596138133859306,22.769776344299316,22.949216842651367,3115.610107421875,3123.6845703125,150414848.0,150414848,446693376.0,446693376,257452544.0,257452544,446693376.0,446693376,0.0,0,0.0,0
I04,8,512,128,20.65985100011858,20.697011000265775,911.8118019998747,919.1879939999126,932.4477320001279,939.7802230000707,1114.2650376849608,1121.890124439742,7.1796204881879895,7.237700740156792,20.62617588043213,20.66441535949707,911.8104858398438,919.1805419921875,150414848.0,150414848,335544320.0,335544320,303131136.0,303131136,335544320.0,335544320,62816256.0,62816256,639.0,639
I02,4,128,128,5.7291555001484085,5.8661019997998665,869.1484005000802,873.3699240001442,874.872725500154,879.1782289999901,584.4801802710587,588.506688651931,6.843688192914017,6.876928535434207,5.701375961303711,5.807712078094482,869.1412353515625,873.3624267578125,159557120.0,159557120,270532608.0,270532608,213662208.0,213662208,270532608.0,270532608,25067520.0,25067520,255.0,255
I03,4,128,128,6.143433499801176,6.31826499966337,740.7658404999893,745.8160500000304,746.8910439999945,751.9156430003022,685.7767635293069,688.957038011525,5.832801893700703,5.872567322834885,6.1177918910980225,6.295167922973633,740.7600402832031,745.8097534179688,150382080.0,150382080,211812352.0,211812352,172341760.0,172341760,211812352.0,211812352,0.0,0,0.0,0
I04,4,128,128,6.169871500105728,6.7436899998938316,902.7084600002127,912.7377410000008,908.8853410000866,919.4814309998947,562.7509019548588,564.5327348549821,7.107940629922934,7.186911346456699,6.146399974822998,6.37721586227417,902.70068359375,912.7294921875,150382080.0,150382080,216006656.0,216006656,180761088.0,180761088,216006656.0,216006656,12533760.0,12533760,255.0,255
I01,4,128,128,5.776502499884373,6.6467999999986205,707.2112490000109,711.5064479999091,712.8629690000707,717.4666490000163,718.3144416991195,722.5307090945797,5.56859251181111,5.602412976377237,5.75105619430542,6.623904228210449,707.2056579589844,711.501220703125,159557120.0,159557120,222298112.0,222298112,181784064.0,181784064,222298112.0,222298112,0.0,0,0.0,0
I03,1,1024,128,6.436178500052847,6.889404000048671,855.6730344998869,857.8548630002842,862.0970364997902,864.2793700000766,148.42117878584168,148.9524522954708,6.737582948818007,6.75476270078964,6.4132161140441895,6.8621439933776855,855.6658935546875,857.8475952148438,150383104.0,150383104,205520896.0,205520896,174406656.0,174406656,205520896.0,205520896,0.0,0,0.0,0
I04,1,1024,128,6.157687999802874,6.3264300001719675,864.8193665001145,871.1437910001223,871.0487379998995,877.2208300001694,146.85147695841067,147.28279451034385,6.809601311024524,6.859399929134821,6.1335999965667725,6.21065616607666,864.8119506835938,871.1356811523438,150383104.0,150383104,236978176.0,236978176,182626816.0,182626816,236978176.0,236978176,14143488.0,14143488,1151.0,1151
I01,1,1024,128,6.695890499941015,6.7429639998408675,906.9927614998505,908.4839840002132,913.7231789998168,915.2545040001314,140.02316827053818,140.5096223595053,7.141675287400398,7.153417196852073,6.6728479862213135,6.719327926635742,906.9849853515625,908.4765625,159558144.0,159558144,211812352.0,211812352,185103872.0,185103872,211812352.0,211812352,0.0,0,0.0,0
I02,1,1024,128,5.938085500019952,5.975949000003311,820.3979575000631,832.1870999998282,826.3432194999041,838.1145339999421,154.80292083233138,155.422321449821,6.4598264370083704,6.552654330707309,5.913055896759033,5.948544025421143,820.3907775878906,832.1792602539062,159558144.0,159558144,253755392.0,253755392,216952832.0,216952832,253755392.0,253755392,28286976.0,28286976,1151.0,1151
I04,8,1024,128,39.798284500193404,40.05642900028761,908.8681514999735,912.6154330001555,948.5583665000377,952.0226960003129,1117.8741253970788,1122.0300525746231,7.156442137795066,7.185948291339807,39.748064041137695,40.011295318603516,908.8618774414062,912.6076049804688,150447616.0,150447616,511705088.0,511705088,420145664.0,420145664,511705088.0,511705088,113147904.0,113147904,1151.0,1151
I01,8,1024,128,45.32002200016905,45.579234000342694,6119.641537999996,6151.934414999687,6165.036063499883,6197.198904999823,166.02280174573428,166.40438627496872,48.18615384251966,48.44042846456446,45.290334701538086,45.54665756225586,6119.5927734375,6151.88525390625,159622656.0,159622656,824180736.0,824180736,350724608.0,350724608,824180736.0,824180736,0.0,0,0.0,0
I02,8,1024,128,42.98239000013382,43.296987999838166,885.1158749998831,889.8977170001672,928.0268635000084,933.069037000223,1147.872310823679,1150.3152746965866,6.969416338581757,7.007068637796592,42.9572639465332,43.1901741027832,885.1101684570312,889.8899536132812,159622656.0,159622656,796917760.0,796917760,635976192.0,635976192,796917760.0,796917760,226295808.0,226295808,1151.0,1151
I03,8,1024,128,41.94947299993146,42.21645300003729,5662.878608000028,5664.942249999967,5704.546051000079,5707.018880000305,179.414052625349,179.48446594875392,44.589595338582896,44.605844488188716,41.925872802734375,42.191551208496094,5662.832763671875,5664.89453125,150447616.0,150447616,788529152.0,788529152,341549568.0,341549568,788529152.0,788529152,0.0,0,0.0,0
I01,4,1024,128,25.26581050005916,25.40207099991676,3313.8995570000134,3315.6957450000846,3339.1471739998906,3341.028692999771,153.29372278916395,153.34219833358034,26.093697299212703,26.10784051181169,25.237696647644043,25.37868881225586,3313.87255859375,3315.66845703125,159585792.0,159585792,394264576.0,394264576,257161728.0,257161728,394264576.0,394264576,0.0,0,0.0,0
I02,4,1024,128,22.928497000066272,23.032374999729655,889.0087024999502,898.4017669999957,911.9748220000474,921.2827449996439,571.4229872526316,574.6944871501278,7.000068523621655,7.074029661417289,22.898719787597656,22.978431701660156,889.0007934570312,898.3930053710938,159585792.0,159585792,534773760.0,534773760,393122304.0,393122304,534773760.0,534773760,113147904.0,113147904,1151.0,1151
I03,4,1024,128,23.10532050000802,23.255512000105227,3038.290381500019,3039.282365999952,3061.3743930002784,3062.3974589998397,167.19929178731297,167.25851305521553,23.92354631102377,23.931357212598048,23.078255653381348,23.231264114379883,3038.264892578125,3039.25732421875,150410752.0,150410752,371195904.0,371195904,247986688.0,247986688,371195904.0,371195904,0.0,0,0.0,0
I04,4,1024,128,20.864088000053016,20.95046399972489,908.0907624997963,911.7502680001053,929.2965149998054,932.5929399997221,559.4155593449602,561.6315999411776,7.150320964565324,7.179135968504766,20.840496063232422,20.91814422607422,908.0828247070312,911.7427368164062,150410752.0,150410752,335544320.0,335544320,285129216.0,285129216,335544320.0,335544320,56573952.0,56573952,1151.0,1151
I02,8,128,128,5.7969585002410895,6.316541000160214,866.1280305000219,878.0304100000649,872.4990810001145,883.7771710000197,1173.036836317685,1179.6648860702524,6.819905751968676,6.913625275591062,5.770927906036377,5.973567962646484,866.119873046875,878.0214233398438,159565312.0,159565312,316669952.0,316669952,263019008.0,263019008,316669952.0,316669952,50135040.0,50135040,255.0,255
I03,8,128,128,6.350166499942134,6.956646000162436,1092.077631499933,1095.1886660000127,1098.4086844998728,1101.5708079999058,930.3368520073041,933.2724020359084,8.59903646850341,8.623532803149706,6.326320171356201,6.934175968170166,1092.0682373046875,1095.1776123046875,150390272.0,150390272,228589568.0,228589568,193335808.0,193335808,228589568.0,228589568,0.0,0,0.0,0
I04,8,128,128,6.133587500244175,6.740824000189605,907.8039140003966,914.0915540001515,914.4562160001897,920.1739489999454,1119.1844811979595,1125.4175222857527,7.148062314963752,7.197571291339775,6.107648134231567,6.717984199523926,907.79541015625,914.082275390625,150390272.0,150390272,278921216.0,278921216,212310528.0,212310528,278921216.0,278921216,25067520.0,25067520,255.0,255
I01,8,128,128,6.57260000025417,7.115702000191959,1181.4705024999057,1184.6339979997538,1188.0465169999752,1191.6811270002654,859.9453728286221,862.5342807183737,9.302917342518942,9.327826755903573,6.549247980117798,7.091328144073486,1181.46044921875,1184.623291015625,159565312.0,159565312,232783872.0,232783872,201974272.0,201974272,232783872.0,232783872,0.0,0,0.0,0
I03,1,512,512,6.202926000014486,6.3678260003143805,3006.7347615001836,3025.7770959997288,3013.4057309999207,3031.965363999916,169.95181281859152,170.37419809585006,5.884021059687248,5.921285902152111,6.179152011871338,6.34332799911499,3006.7099609375,3025.753173828125,150382080.0,150382080,211812352.0,211812352,172304384.0,172304384,211812352.0,211812352,0.0,0,0.0,0
I04,1,512,512,6.223329000022204,6.341055000120832,3482.1833260000403,3506.6497389998403,3488.3936730000187,3512.8882159997374,146.7470298176341,147.1483584440534,6.814448778865049,6.862328256359766,6.1950719356536865,6.313632011413574,3482.156005859375,3506.623046875,150382080.0,150382080,216006656.0,216006656,179295232.0,179295232,216006656.0,216006656,12570624.0,12570624,1023.0,1023
I01,1,512,512,5.761631000041234,5.8196899999529705,2888.112183000203,2896.444888000133,2893.877617500266,2902.248234000126,176.93219127097132,178.2360899746947,5.651882941291982,5.668189604696933,5.737936019897461,5.7942399978637695,2888.08984375,2896.421875,159557120.0,159557120,222298112.0,222298112,181745664.0,181745664,222298112.0,222298112,0.0,0,0.0,0
I02,1,512,512,5.792539000140096,5.860729000232823,3303.241266999976,3337.4371079999037,3309.040253500143,3343.234010999822,154.6965445771662,154.9630541528909,6.464268624266097,6.531188078277698,5.7698400020599365,5.837920188903809,3303.2158203125,3337.412109375,159557120.0,159557120,270532608.0,270532608,212715008.0,212715008,270532608.0,270532608,25141248.0,25141248,1023.0,1023
I04,4,512,128,10.308756500080563,10.349966000376298,905.8235239999703,909.792677999576,916.1264074998599,920.1426439999523,560.8156427584127,563.822197111756,7.132468692913152,7.163721874012409,10.283456325531006,10.316608428955078,905.8163452148438,909.7861328125,150394368.0,150394368,264241152.0,264241152,225124864.0,225124864,264241152.0,264241152,31408128.0,31408128,639.0,639
I01,4,512,128,12.774367500014705,12.905156000670104,1746.0427129999516,1753.0000809992998,1758.8729210001475,1766.3791599998149,290.94365121418775,292.06182586195314,13.748367818897258,13.803150244088975,12.74945592880249,12.880319595336914,1746.0288696289062,1752.9859619140625,159569408.0,159569408,257949696.0,257949696,214169088.0,214169088,257949696.0,257949696,0.0,0,0.0,0
I02,4,512,128,11.370309000085399,11.439340000833909,862.219751500561,890.0497209997411,873.8478734999262,901.4240389997212,589.1770754881815,591.8266325805138,6.7891319015792195,7.008265519683001,11.344272136688232,11.408191680908203,862.2125854492188,890.0425415039062,159569408.0,159569408,337641472.0,337641472,289948160.0,289948160,337641472.0,337641472,62816256.0,62816256,639.0,639
I03,4,512,128,11.711273999935656,12.02220000050147,1605.1458239999192,1609.9315819992626,1616.9217280003068,1621.7329499995685,316.4821491722314,317.467404431046,12.638943496062357,12.676626629915454,11.688096046447754,11.99897575378418,1605.133056640625,1609.9185791015625,150394368.0,150394368,247463936.0,247463936,205097472.0,205097472,247463936.0,247463936,0.0,0,0.0,0
I01,1,128,128,5.789051000192558,5.858081999576825,695.5732960000205,701.6708779992769,701.3314239998181,707.5223499996355,182.58330397494836,183.424936203936,5.476955086614335,5.5249675433013925,5.7674400806427,5.836063861846924,695.5665893554688,701.6646118164062,159550976.0,159550976,174063616.0,174063616,164862976.0,164862976,174063616.0,174063616,0.0,0,0.0,0
I02,1,128,128,5.809662499814294,6.3044560001799255,822.990574499272,828.9225369999258,828.8130969995109,834.7635609998179,154.3152556608885,155.13832775837753,6.480240744088756,6.526949110235636,5.782272100448608,5.909696102142334,822.9840087890625,828.9150390625,159550976.0,159550976,184549376.0,184549376,172102656.0,172102656,184549376.0,184549376,6266880.0,6266880,255.0,255
I03,1,128,128,6.139653500213171,6.246563000786409,744.3595899999309,745.8973010006957,750.462607999907,752.6283420002073,170.6164705734607,171.62288884786318,5.861099133857723,5.873207094493667,6.116863965988159,6.2223358154296875,744.3533630371094,745.8896484375,150375936.0,150375936,186646528.0,186646528,155678720.0,155678720,186646528.0,186646528,0.0,0,0.0,0
I04,1,128,128,6.186058999901434,7.234269000036875,864.7005130001162,873.8715059998867,871.6106409997337,880.8355510000183,146.87166187033299,147.4816153745179,6.808665456693829,6.880877999999108,6.162912130355835,7.168223857879639,864.6930847167969,873.8642578125,150375936.0,150375936,165675008.0,165675008,157460480.0,157460480,165675008.0,165675008,3133440.0,3133440,255.0,255
I02,1,512,128,5.77344749990516,6.063064999580092,824.6384684998702,830.5053599997336,830.4254049999145,836.2557869995726,154.00690109550936,154.66277705606555,6.493216287400553,6.53941228346247,5.74783992767334,5.957920074462891,824.6316833496094,830.4976196289062,159554048.0,159554048,228589568.0,228589568,191013888.0,191013888,228589568.0,228589568,15704064.0,15704064,639.0,639
I03,1,512,128,6.272773500313633,7.150436999836529,741.7778730000464,751.2421979999999,748.657438999544,757.476014000531,171.21034199258565,172.2319915508262,5.8407706535436725,5.915292897637794,6.249936103820801,7.12662410736084,741.7716064453125,751.2356567382812,150379008.0,150379008,190840832.0,190840832,164209152.0,164209152,190840832.0,190840832,0.0,0,0.0,0
I04,1,512,128,6.2356459998227365,6.741111999872373,867.6352219999899,881.2690780005141,873.8103044997843,887.7197760002673,146.3748795376099,146.95507471012635,6.831773401574724,6.939126598429245,6.199440002441406,6.429279804229736,867.632568359375,881.2613525390625,150379008.0,150379008,201326592.0,201326592,168114176.0,168114176,201326592.0,201326592,7852032.0,7852032,639.0,639
I01,1,512,128,5.731816499974229,6.254569000702759,693.1927979999273,695.373274999838,699.0507400000752,701.6278440005408,183.21021903503478,183.56051536686547,5.458211007873443,5.475380118108961,5.708463907241821,6.232736110687256,693.1920471191406,695.3672485351562,159554048.0,159554048,201326592.0,201326592,172822528.0,172822528,201326592.0,201326592,0.0,0,0.0,0
